Nuro April 3, 2026 (PDF)	/portal/file/nuro_040326-pdf/
Waymo April 1, 2026 (PDF)	/portal/file/waymo_040126-pdf/
Waymo March 30, 2026 (PDF)	/portal/file/waymo_033026-pdf/
WeRide March 30, 2026 (PDF)	/portal/file/weride_033026_redacted-pdf/
Waymo March 23, 2026 (PDF)	/portal/file/waymo_032326_redacted-pdf/
Waymo March 22, 2026 (PDF)	/portal/file/waymo_032226_redacted-pdf/
Zoox March 18, 2026 (PDF)	/portal/file/zoox_031826_redacted-pdf/
Waymo March 18, 2026 (PDF)	/portal/file/waymo_031826-pdf/
Zoox March 16, 2026 (PDF)	/portal/file/zoox_031626-pdf/
Waymo March 15, 2026 (2) (PDF)	/portal/file/waymo_031526-2-pdf/
Waymo March 15, 2026 (1) (PDF)	/portal/file/waymo_031526-1-pdf/
Waymo March 14, 2026 (PDF)	/portal/file/waymo_031426-pdf/
Zoox March 14, 2026 (3) (PDF)	/portal/file/zoox_031426-3-pdf/
Zoox March 14, 2026 (2) (PDF)	/portal/file/zoox_031426-2-pdf/
Zoox March 14, 2026 (1) (PDF)	/portal/file/zoox_031426-1-pdf/
Zoox March 13, 2026 (2) (PDF)	/portal/file/zoox_031326-2-pdf/
Zoox March 13, 2026 (1) (PDF)	/portal/file/zoox_031326-1-pdf/
Zoox March 12, 2026 (PDF)	/portal/file/zoox_031226-pdf/
Waymo March 12, 2026 (PDF)	/portal/file/waymo_031226-pdf/
Waymo March 9, 2026 (2) (PDF)	/portal/file/waymo_030926-2-pdf/
Waymo March 9, 2026 (1) (PDF)	/portal/file/waymo_030926-1-pdf/
Waymo March 8, 2026 (PDF)	/portal/file/waymo_030826-pdf/
Waymo March 7, 2026 (PDF)	/portal/file/waymo_030726-pdf/
Waymo March 4, 2026 (2) (PDF)	/portal/file/waymo_030426-2-pdf/
Waymo March 4, 2026 (1) (PDF)	/portal/file/waymo_030426-1-pdf/
Waymo March 2, 2026 (PDF)	/portal/file/waymo_030226-pdf/
Waymo March 1, 2026 (PDF)	/portal/file/waymo_030126-pdf/
Waymo February 25, 2026 (PDF)	/portal/file/waymo_022526-pdf/
Waymo February 20, 2026 (PDF)	/portal/file/waymo_022026-pdf/
Zoox February 20, 2026 (PDF)	/portal/file/zoox_022026-pdf/
Zoox February 19, 2026 (PDF)	/portal/file/zoox_021926-pdf/
Zoox February 18, 2026 (PDF)	/portal/file/zoox_021826-pdf/
Waymo February 15, 2026 (PDF)	/portal/file/waymo_021526-pdf/
Zoox February 12, 2026 (PDF)	/portal/file/zoox_021226-pdf/
Zoox February 6, 2026 (PDF)	/portal/file/zoox_020626-pdf/
Waymo February 6, 2026 (PDF)	/portal/file/waymo_020626_redacted-pdf/
Zoox February 5, 2026 (PDF)	/portal/file/zoox_020526-pdf/
Waymo February 5, 2026 (PDF)	/portal/file/waymo_020526_redacted-pdf/
Zoox February 4, 2026 (PDF)	/portal/file/zoox_020426-pdf/
Waymo February 2, 2026 (PDF)	/portal/file/waymo_020226_redacted-pdf/
Zoox February 2, 2026 (PDF)	/portal/file/zoox_020226_redacted-pdf/
Zoox February 1, 2026 (PDF)	/portal/file/zoox_020126_redacted-pdf/
Waymo February 1, 2026 (PDF)	/portal/file/waymo_020126_redacted-pdf/
Waymo January 29, 2026 (PDF)	/portal/file/waymo_012926_redacted-pdf/
Waymo January 26, 2026 (PDF)	/portal/file/waymo_012626_redacted-pdf/
Waymo January 25, 2026 (2) (PDF)	/portal/file/waymo_012526_redacted_2-pdf/
Waymo January 25, 2026 (1) (PDF)	/portal/file/waymo_012526_redacted_1-pdf/
Zoox January 22, 2026 (PDF)	/portal/file/zoox_012226_redacted-pdf/
Waymo January 21, 2026 (PDF)	/portal/file/waymo_012126-pdf/
Zoox January 17, 2026 (PDF)	/portal/file/zoox_01172026-pdf/
Waymo January 15, 2026 (2) (PDF)	/portal/file/waymo_01152026_2-pdf/
Waymo January 15, 2026 (1) (PDF)	/portal/file/waymo_01152026_1-pdf/
Waymo January 14, 2026 (PDF)	/portal/file/waymo_01142026-pdf/
Waymo January 11, 2026 (PDF)	/portal/file/waymo_01112026-pdf/
Zoox January 10, 2026 (PDF)	/portal/file/zoox_01102026-pdf/
Waymo January 9, 2026 (PDF)	/portal/file/waymo_010926-pdf/
Waymo January 8, 2026 (PDF)	/portal/file/waymo_010826-pdf/
Waymo January 6, 2026 (PDF)	/portal/file/waymo_010626-pdf/
Waymo December 30, 2025 (PDF)	/portal/file/waymo_123025_redacted-pdf/
Waymo December 29, 2025 (PDF)	/portal/file/waymo_122925_redacted-pdf/
Waymo December 26, 2025 (PDF)	/portal/file/waymo_122625_redacted-pdf/
Waymo December 25, 2025 (PDF)	/portal/file/waymo_122525-pdf/
Waymo December 24, 2025 (PDF)	/portal/file/waymo_122425-pdf/
Waymo December 19, 2025 (PDF)	/portal/file/waymo_121925-pdf/
Waymo December 15, 2025 (PDF)	/portal/file/waymo_121525-pdf/
Zoox December 14, 2025 (PDF)	/portal/file/zoox_121425-pdf/
Zoox December 13, 2025 (PDF)	/portal/file/zoox_121325-pdf/
Waymo December 12, 2025 (PDF)	/portal/file/waymo_121225-pdf/
Waymo December 10, 2025 (2) (PDF)	/portal/file/waymo_121025-2-pdf/
Waymo December 10, 2025 (1) (PDF)	/portal/file/waymo_121025-1-pdf/
Zoox December 8, 2025 (PDF)	/portal/file/zoox_12082025-pdf/
Waymo December 4, 2025 (PDF)	/portal/file/waymo_120425-pdf/
Waymo November 26, 2025 (PDF)	/portal/file/waymo_112625-pdf/
Zoox November 25, 2025 (PDF)	/portal/file/zoox_11252025-pdf/
Waymo November 24, 2025 (2) (PDF)	/portal/file/waymo_11242025_2-pdf/
Waymo November 24, 2025 (1) (PDF)	/portal/file/waymo_11242025_1-pdf/
Waymo November 23, 2025 (PDF)	/portal/file/waymo_11232025-pdf/
Waymo November 20, 2025 (PDF)	/portal/file/waymo_112025-pdf/
Tensor November 18, 2025 (PDF)	/portal/file/tensor_111825-pdf/
Waymo November 12, 2025 (PDF)	/portal/file/waymo_111225-pdf/
Waymo November 11, 2025 (PDF)	/portal/file/waymo_111125-pdf/
Waymo November 10, 2025 (PDF)	/portal/file/waymo_111025-pdf/
Waymo November 6, 2025 (PDF)	/portal/file/waymo_110625-pdf/
Waymo October 30, 2025 (PDF)	/portal/file/waymo_103025-pdf/
Zoox October 23, 2025 (PDF)	/portal/file/zoox_102325-pdf/
Waymo October 22, 2025 (PDF)	/portal/file/waymo_102225-pdf/
Waymo October 20, 2025 (PDF)	/portal/file/waymo_102025-pdf/
Waymo October 17, 2025 (PDF)	/portal/file/waymo_101725-pdf/
Zoox October 15, 2025 (PDF)	/portal/file/zoox_101525-pdf/
Waymo October 15, 2025 (PDF)	/portal/file/waymo_101525_redacted-pdf/
Waymo October 14, 2025 (PDF)	/portal/file/waymo_101425_redacted-pdf/
Waymo October 12, 2025 (PDF)	/portal/file/waymo_101225_redacted-pdf/
Waymo October 11, 2025 (PDF)	/portal/file/waymo_101125_redacted-pdf/
Waymo October 9, 2025 (2) (PDF)	/portal/file/waymo_100925_redacted_2-pdf/
Waymo October 9, 2025 (1) (PDF)	/portal/file/waymo_100925_redacted_1-pdf/
Waymo October 7, 2025 (PDF)	/portal/file/waymo_100725_redacted-pdf/
Waymo October 4, 2025 (PDF)	/portal/file/waymo_100425_redacted-pdf/
Waymo October 3, 2025 (PDF)	/portal/file/waymo_100325_redacted-pdf/
Zoox September 28, 2025 (PDF)	/portal/file/zoox_09282025-pdf/
Waymo September 28, 2025 (PDF)	/portal/file/waymo_09282025-pdf/
Waymo September 26, 2025 (PDF)	/portal/file/waymo_09262025-pdf/
Waymo September 25, 2025 (PDF)	/portal/file/waymo_09252025-pdf/
Waymo September 24, 2025 (PDF)	/portal/file/waymo_09242025-pdf/
Waymo September 23, 2025 (PDF)	/portal/file/waymo_09232025-pdf/
Waymo September 19, 2025 (PDF)	/portal/file/waymo_09192025-pdf/
Zoox September 18, 2025 (PDF)	/portal/file/zoox_091825_redacted-pdf/
Waymo September 11, 2025 (PDF)	/portal/file/waymo_091125_redacted-pdf/
Waymo September 10, 2025 (PDF)	/portal/file/waymo_091025_redacted-pdf/
Zoox September 9, 2025 (PDF)	/portal/file/zoox_090925_redacted-pdf/
Nuro September 2, 2025 (PDF)	/portal/file/nuro_090225_redeacted-pdf/
Waymo September 3, 2025 (PDF)	/portal/file/waymo_09032025-pdf/
Waymo September 1, 2025 (PDF)	/portal/file/waymo_090125_redacted-pdf/
Waymo August 29, 2025 (PDF)	/portal/file/waymo_082925-pdf/
Zoox August 26, 2025 (PDF)	/portal/file/zoox_082625-pdf/
Waymo August 24, 2025 (PDF)	/portal/file/waymo_082425-pdf/
Ohmio August 23, 2025 (PDF)	/portal/file/ohmio_08232025-pdf/
Waymo August 22, 2025 (PDF)	/portal/file/waymo_082225-pdf/
Waymo August 21 2025 (3) (PDF)	/portal/file/waymo_082125-3-pdf/
Waymo August 21, 2025 (2) (PDF)	/portal/file/waymo_082125-2-pdf/
Waymo August 21, 2025 (1) (PDF)	/portal/file/waymo_082125-1-pdf/
Waymo August 10, 2025 (PDF)	/portal/file/waymo_081025_redacted-pdf/
Zoox August 7, 2025 (PDF)	/portal/file/zoox_080725-pdf/
Waymo July 31, 2025 (2) (PDF)	/portal/file/waymo_073125_2-pdf/
Waymo July 31, 2025 (1) (PDF)	/portal/file/waymo_073125_1-pdf/
Nuro July 30, 2025 (PDF)	/portal/file/nuro_073025-pdf/
Waymo July 29, 2025 (PDF)	/portal/file/waymo_072925-pdf/
Zoox July 27, 2025 (PDF)	/portal/file/zoox_072725-pdf/
Waymo July 26, 2025 (PDF)	/portal/file/waymo_072625-pdf/
Waymo July 23, 2025 (PDF)	/portal/file/waymo_072325-pdf/
Waymo July 22, 2025 (PDF)	/portal/file/waymo_072225-pdf/
Waymo July 21, 2025 (PDF)	/portal/file/waymo_07212025-pdf/
Waymo July 20, 2025 (PDF)	/portal/file/waymo_07202025-pdf/
Zoox July 19, 2025 (PDF)	/portal/file/zoox_071925-pdf/
Zoox July 18, 2025 (PDF)	/portal/file/zoox_071825-pdf/
Waymo July 16, 2025 (2) (PDF)	/portal/file/waymo_071625_2-pdf/
Waymo July 16, 2025 (1) (PDF)	/portal/file/waymo_071625_1-pdf/
Zoox July 7, 2025 (PDF)	/portal/file/zoox_070725-pdf/
Waymo July 2, 2025 (PDF)	/portal/file/waymo_07022025-pdf/
Zoox June 26, 2025 (PDF)	/portal/file/zoox_06262025-pdf/
Zoox June 23, 2025 (PDF)	/portal/file/zoox_06232025-pdf/
Waymo June 21, 2025 (PDF)	/portal/file/waymo_06212025-pdf/
Waymo June 20, 2025 (PDF)	/portal/file/waymo_06202025-pdf/
Zoox June 20, 2025 (PDF)	/portal/file/zoox_06202025-pdf/
Zoox June 18, 2025 (PDF)	/portal/file/zoox_06182025-pdf/
Waymo June 17, 2025 (PDF)	/portal/file/waymo_06172025-pdf/
Waymo June 12, 2025 (PDF)	/portal/file/waymo_06122025-pdf/
Zoox June 12, 2025 (PDF)	/portal/file/zoox_06122025-pdf/
Nuro June 10, 2025 (PDF)	/portal/file/nuro_06102025-pdf/
Waymo May 29, 2025 (PDF)	/portal/file/waymo_05292025-pdf/
Zoox May 29, 2025 (PDF)	/portal/file/zoox_05292025-pdf/
Zoox May 21, 2025 (PDF)	/portal/file/zoox_05212025-pdf/
Waymo May 14, 2025 (PDF)	/portal/file/waymo_05142025-pdf/
Zoox May 13, 2025 (PDF)	/portal/file/zoox_05132025-pdf/
Waymo May 10, 2025 (2) (PDF)	/portal/file/waymo_05102025_2-pdf/
Waymo May 10, 2025 (1) (PDF)	/portal/file/waymo_05102025_1-pdf/
Zoox May 10, 2025 (2) (PDF)	/portal/file/zoox_05102025_2-pdf/
Zoox May 10, 2025 (1) (PDF)	/portal/file/zoox_05102025_1-pdf/
Zoox May 08, 2025 (PDF)	/portal/file/zoox_05082025-pdf/
Zoox May 05, 2025 (PDF)	/portal/file/zoox_05052025-pdf/
WeRide Corp May 2, 2025 (PDF)	/portal/file/weride_05022025-pdf/
Waymo May 1, 2025 (PDF)	/portal/file/waymo_05012025-pdf/
Waymo April 26, 2025 (PDF)	/portal/file/waymo_04262025-pdf/
Waymo April 25, 2025 (PDF)	/portal/file/waymo_04252025-pdf/
Zoox April 24, 2025 (PDF)	/portal/file/zoox_04242025-pdf/
Zoox April 4, 2025 Narrative (PDF)	/portal/file/zoox_040425_narrative-pdf/
Zoox April 4, 2025 (PDF)	/portal/file/zoox_040425-pdf/
Pony.ai March 29, 2025 (PDF)	/portal/file/pony-ai_032925-pdf/
Waymo March 28, 2025 (PDF)	/portal/file/waymo_032825-pdf/
Zoox, Inc. March 28, 2025 (PDF)	/portal/file/zoox_032825-pdf/
Waymo March 27, 2025 (PDF)	/portal/file/waymo_032725-pdf/
Waymo March 20, 2025 (PDF)	/portal/file/waymo_032025-pdf/
Waymo March 16, 2025 (PDF)	/portal/file/waymo_03162025-pdf/
Waymo March 14, 2025 (PDF)	/portal/file/waymo_03142025-pdf/
Waymo March 12, 2025 (PDF)	/portal/file/waymo_03122025-pdf/
Zoox February 23, 2025 (PDF)	/portal/file/zoox_022325-pdf/
Zoox February 19, 2025 (PDF)	/portal/file/zoox_02192025-pdf/
Zoox February 18, 2025 (PDF)	/portal/file/zoox_02182025-pdf/
Waymo February 14, 2025 (PDF)	/portal/file/waymo_02142025-pdf/
Mercedes-Benz February 7, 2025 (PDF)	/portal/file/mercedes_020725_redacted-pdf/
AutoX February 5, 2025 (PDF)	/portal/file/autox_020525_redacted-pdf/
Waymo February 3, 2025 (PDF)	/portal/file/waymo_020325-pdf/
Zoox January 29, 2025 (PDF)	/portal/file/zoox_012925_redacted-pdf/
Zoox January 26, 2025 (PDF)	/portal/file/zoox_012625_redacted-pdf/
Waymo January 23, 2025 (PDF)	/portal/file/waymo_012325-pdf/
Zoox January 23, 2025 (PDF)	/portal/file/zoox_012325-pdf/
Waymo January 21, 2025 (PDF)	/portal/file/waymo_012125-pdf/
Zoox January 17, 2025 (PDF)	/portal/file/zoox_011725-pdf/
Waymo January 15, 2025 (PDF)	/portal/file/waymo_011525-pdf/
May Mobility January 14, 2025 (PDF)	/portal/file/may_mobility_011425-pdf/
Waymo January 11, 2025 (2) (PDF)	/portal/file/waymo_011125_2-pdf/
Waymo January 11, 2025 (1) (PDF)	/portal/file/waymo_011125_1-pdf/
Zoox January 8, 2025 (PDF)	/portal/file/zoox_010825-pdf/
Waymo January 7, 2025 (PDF)	/portal/file/waymo_010725-pdf/
Zoox January 4, 2025 (PDF)	/portal/file/zoox_010425-pdf/
Waymo December 27, 2024 (PDF)	/portal/file/waymo_12272024-pdf/
Waymo December 25, 2024 (PDF)	/portal/file/waymo_122524-pdf/
Waymo December 20, 2024 Narrative (B) (PDF)	/portal/file/waymo_12202024b-pdf/
Waymo December 20, 2024 (A) (PDF)	/portal/file/waymo_12202024a-pdf/
Waymo December 20, 2024 (PDF)	/portal/file/waymo_12202024-pdf/
Zoox December 18, 2024 (PDF)	/portal/file/zoox_121824-pdf/
Waymo December 17, 2024 (PDF)	/portal/file/waymo_12172024-pdf/
Waymo December 16, 2024 (PDF)	/portal/file/waymo_121624-pdf/
Waymo December 14, 2024 (PDF)	/portal/file/waymo_121424-pdf/
Pony.ai December 12, 2024 (PDF)	/portal/file/pony-ai_12122024-pdf/
Waymo December 11, 2024 (PDF)	/portal/file/waymo-12112024-pdf/
Zoox December 8, 2024 (PDF)	/portal/file/zoox-12082024-pdf/
Waymo December 2, 2024 (2) (PDF)	/portal/file/waym0_120220242-pdf/
Waymo December 2, 2024 (1) (PDF)	/portal/file/waymo_120220241-pdf/
Waymo November 30, 2024 (PDF)	/portal/file/waymo_11302024-pdf/
WeRide Corp November 27, 2024 (PDF)	/portal/file/weride_11272024-pdf/
Waymo November 27, 2024 (PDF)	/portal/file/waymo_11272024-pdf/
Waymo November 26, 2024 (PDF)	/portal/file/waymo_11262024b-pdf/
Waymo November 26, 2024 (PDF)	/portal/file/waymo_11262024-pdf/
Waymo November 8, 2024 (PDF)	/portal/file/waymo_110824-pdf/
Waymo November 5, 2024 (PDF)	/portal/file/waymo_110524-pdf/
Waymo November 4, 2024 (PDF)	/portal/file/waymo_110424-pdf/
Waymo November 3, 2024 (2) (PDF)	/portal/file/waymo_110324_2-pdf/
Waymo November 3, 2024 (1) (PDF)	/portal/file/waymo_110324_1-pdf/
Zoox October 24, 2024 (PDF)	/portal/file/zoox_102424-pdf/
Waymo October 20, 2024 (PDF)	/portal/file/waymo_102024-pdf/
Waymo October 19, 2024 (PDF)	/portal/file/waymo_101924-pdf/
Waymo October 16, 2024 (PDF)	/portal/file/waymo_101624-pdf/
Waymo October 14, 2024 (PDF)	/portal/file/waymo_101424-pdf/
Zoox October 10, 2024 (PDF)	/portal/file/zoox_101024-pdf/
Zoox October 6, 2024 (PDF)	/portal/file/zoox_100624-pdf/
Waymo October 3, 2024 (PDF)	/portal/file/waymo_10032024-pdf/
Waymo September 29, 2024 (PDF)	/portal/file/waymo_09292024-pdf/
Zoox September 29, 2024 (PDF)	/portal/file/zoox_09292024-pdf/
Waymo September 27, 2024 (PDF)	/portal/file/waymo_092724-pdf/
Waymo September 26, 2024 (PDF)	/portal/file/waymo_092624-pdf/
Waymo September 18, 2024 (PDF)	/portal/file/waymo_09182024-pdf/
Waymo September 13, 2024 (PDF)	/portal/file/waymo_09132024-pdf/
Waymo September 3, 2024 (PDF)	/portal/file/waymo_09032024-pdf/
Zoox September 3, 2024 (PDF)	/portal/file/zoox_09032024-pdf/
Waymo August 30, 2024 (2) (PDF)	/portal/file/waymo_083020242-pdf/
Waymo August 30, 2024 (1) (PDF)	/portal/file/waymo_083020241-pdf/
Waymo August 29, 2024 (PDF)	/portal/file/waymo_08292024-pdf/
Waymo August 20, 2024 (PDF)	/portal/file/waymo_08202024-pdf/
Waymo August 9, 2024 (PDF)	/portal/file/waymo_08092024-pdf/
Zoox August 2, 2024 (PDF)	/portal/file/zoox_08022024-pdf/
Waymo August 1, 2024 (PDF)	/portal/file/waymo_08012024-pdf/
Waymo July 27, 2024 (PDF)	/portal/file/waymo_07272024-pdf/
Zoox July 20, 2024 (A) (PDF)	/portal/file/zoox_07202024a-pdf/
Zoox July 20, 2024 (B) (PDF)	/portal/file/zoox_07202024b-pdf/
Zoox July 20, 2024 (PDF)	/portal/file/zoox_07202024-pdf/
Waymo July 19, 2024 (PDF)	/portal/file/waymo_07192024-pdf/
Waymo July 18, 2024 (PDF)	/portal/file/waymo_07182024-pdf/
Zoox July 16, 2024 (PDF)	/portal/file/zoox_07162024-pdf/
Zoox July 11, 2024 (PDF)	/portal/file/zoox_071124-pdf/
Waymo July 6, 2024 (A) (PDF)	/portal/file/waymo_070624_a-pdf/
Waymo July 6, 2024 (B) (PDF)	/portal/file/waymo_070624_b-pdf/
Waymo July 2, 2024 (PDF)	/portal/file/waymo_07022024-pdf/
WeRide June 21, 2024 (PDF)	/portal/file/weride_06212024-pdf/
Waymo June 11, 2024 (PDF)	/portal/file/waymo_06112024-pdf/
WeRide June 10, 2024 (PDF)	/portal/file/weride_06102024-pdf/
Waymo June 5, 2024 (PDF)	/portal/file/waymo_06052024-pdf/
Waymo June 4, 2024 (PDF)	/portal/file/waymo_06042024-pdf/
Waymo June 3, 2024 (PDF)	/portal/file/waymo_06032024-pdf/
Zoox May 30, 2024 (PDF)	/portal/file/zoox_05302024-pdf/
Nuro May 22, 2024 (PDF)	/portal/file/nuro_052224-pdf/
Waymo May 20, 2024 (PDF)	/portal/file/waymo_052024-pdf/
Waymo May 17, 2024 (PDF)	/portal/file/waymo_051724-pdf/
Pony.ai May 15, 2024 (PDF)	/portal/file/ponyai05152024-pdf/
Waymo May 13, 2024 (PDF)	/portal/file/waymo_05132024-pdf/
Waymo May 8, 2024 (PDF)	/portal/file/waymo_05082024-pdf/
Zoox April 28, 2024 (PDF)	/portal/file/zoox_042824-pdf/
Pony.ai April 23, 2024 (PDF)	/portal/file/pony-ai_04232024-pdf/
Zoox April 17, 2024 (PDF)	/portal/file/zoox_04172024-pdf/
Waymo April 13, 2024 (PDF)	/portal/file/waymo_04132024-pdf/
Waymo April 11, 2024 (PDF)	/portal/file/waymo_04112024-pdf/
Zoox April 2, 2024 (PDF)	/portal/file/zoox_040224-pdf/
Waymo March 30, 2024 (PDF)	/portal/file/waymo_033024-pdf/
Waymo March 28, 2024 (PDF)	/portal/file/waymo_032824-pdf/
Waymo March 22, 2024 (PDF)	/portal/file/waymo_032224_amended_redacted-pdf/
Waymo March 19, 2024 (PDF)	/portal/file/waymo_031924-pdf/
Zoox March 18, 2024 (PDF)	/portal/file/zoox_031824-pdf/
Waymo March 14, 2024 (PDF)	/portal/file/waymo_03142024-pdf/
Nuro March 12, 2024 (PDF)	/portal/file/nuro_031224-pdf/
Waymo March 8, 2024 (PDF)	/portal/file/waymo_03082024-pdf/
Waymo March 3, 2024 (PDF)	/portal/file/waymo_03032024-pdf/
Waymo March 2, 2024 (PDF)	/portal/file/waymo_03022024-pdf/
Zoox February 22, 2024 (1) (PDF)	/portal/file/zoox_022220241-pdf/
Zoox February 22, 2024 (2) (PDF)	/portal/file/zoox_022220242-pdf/
Waymo February 18, 2024 (PDF)	/portal/file/waymo_021824-pdf/
Apple February 15, 2024 (PDF)	/portal/file/apple_021524-pdf/
Waymo February 5, 2024 (PDF)	/portal/file/waymo_02052024-pdf/
Waymo January 31, 2024 (PDF)	/portal/file/waymo_013124-pdf/
Nuro January 31, 2024 (PDF)	/portal/file/nuro_013124-pdf/
Apple January 26, 2024 (PDF)	/portal/file/apple_012624-pdf/
WeRide January 17, 2024 (PDF)	/portal/file/weride01172024-pdf/
Zoox January 15, 2024 (PDF)	/portal/file/zoox_01152024-pdf/
Nuro January 12, 2024 (PDF)	/portal/file/nuro_0111122024-pdf/
Zoox January 11, 2024 (1) (PDF)	/portal/file/zoox_011120241-pdf/
Zoox January 11, 2024 (2) (PDF)	/portal/file/zoox_011120242-pdf/
Ghost Autonomy Inc January 11, 2024 (PDF)	/portal/file/ghostautonomy01112024-pdf/
Waymo January 8, 2024 (PDF)	/portal/file/waymo_01082024-pdf/
Zoox January 1, 2024 (A) (PDF)	/portal/file/zoox_01012024a-pdf/
Zoox January 1, 2024 (B) (PDF)	/portal/file/zoox_01012024b-pdf/
Mercedes Benz, November 29, 2023 (PDF)	/portal/file/mercedes_benz_11292023-pdf/
Nuro November 27, 2023 (PDF)	/portal/file/nuro_11272023-pdf/
Waymo November 22, 2023 (PDF)	/portal/file/waymo_11222023-pdf/
Waymo November 3, 2023 (PDF)	/portal/file/waymo_11032023-pdf/
Cruise October 27, 2023 (PDF)	/portal/file/cruise_10272023-pdf/
Waymo October 26, 2023 (PDF)	/portal/file/waymo_10262023-pdf/
Apple October 23, 2023 (PDF)	/portal/file/apple_10232023-pdf/
Waymo October 17, 2023 (PDF)	/portal/file/waymo_101723-pdf/
Apollo Autonomous Driving October 16, 2023 (PDF)	/portal/file/apollo_101623-pdf/
Apple October 13, 2023 (PDF)	/portal/file/apple_101323-pdf/
Zoox October 12, 2023 (PDF)	/portal/file/zoox_101223-pdf/
Cruise October 6, 2023 (PDF)	/portal/file/cruise_10062023-pdf/
Waymo September 30, 2023 (PDF)	/portal/file/waymo_09302023-pdf/
Apple September 29, 2023 (PDF)	/portal/file/apple_09292023-pdf/
Cruise September 25, 2023 (PDF)	/portal/file/cruise_09252023-pdf/
Cruise September 27, 2023 (PDF)	/portal/file/cruise_09272023-pdf/
WeRide September 28, 2023 (PDF)	/portal/file/weride_09282023-pdf/
Apple September 26, 2023 (PDF)	/portal/file/apple_09262023-pdf/
Pony.ai September 15, 2023 (PDF)	/portal/file/pony-ai_09152023-pdf/
Waymo September 11, 2023 (PDF)	/portal/file/waymo_09112023-pdf/
Apollo Autonomous Driving September 6, 2023 (PDF)	/portal/file/apollo_autonomous_driving_09062023-pdf/
Apollo Autonomous Driving June 29, 2023 (PDF)	/portal/file/apollo_autonomous_driving_06292023-pdf/
Cruise September 11, 2023 (PDF)	/portal/file/cruise_09112023-pdf/
Zoox September 11, 2023 (PDF)	/portal/file/zoox_09112023-pdf/
Beep Inc August 23, 2023 (PDF)	/portal/file/beepinc_08232023-pdf/
Waymo September 3, 2023 (PDF)	/portal/file/waymo_09032023-pdf/
Waymo August 24, 2023 (PDF)	/portal/file/waymo_08242023-pdf/
Waymo August 23, 2023 (PDF)	/portal/file/waymo_08232023-pdf/
Mercedes Benz August 18, 2023 (PDF)	/portal/file/mercedesbenz_08182023-pdf/
Waymo August 20, 2023 (PDF)	/portal/file/waymo_08202023-pdf/
Waymo August 19, 2023 (PDF)	/portal/file/waymo_08192023-pdf/
Zoox August 16, 2023 (PDF)	/portal/file/zoox_08162023-pdf/
Cruise August 18, 2023 (PDF)	/portal/file/cruise_08182023-pdf/
Cruise August 17, 2023 (PDF)	/portal/file/cruise_08172023-pdf/
Cruise August 14, 2023 (PDF)	/portal/file/cruise_08142023-pdf/
Cruise August 8, 2023 (PDF)	/portal/file/cruise_08082023-pdf/
Waymo August 17, 2023 (PDF)	/portal/file/waymo_08172023-pdf/
Waymo August 13, 2023 (PDF)	/portal/file/waymo_08132023-pdf/
Ghost Autonomy Inc, August 14, 2023 (PDF)	/portal/file/ghostautonomy_08142023-pdf/
Waymo August 11, 2023 (PDF)	/portal/file/waymo_08112023-pdf/
WeRide August 11, 2023 (PDF)	/portal/file/weride_08112023-pdf/
Waymo August 2, 2023 (PDF)	/portal/file/waymo_08022023-pdf/
Waymo July 29, 2023 (PDF)	/portal/file/waymo_07292023-pdf/
Cruise July 30, 2023 (PDF)	/portal/file/cruise_07302023-pdf/
Cruise July 28, 2023 (PDF)	/portal/file/cruise_07282023-pdf/
Waymo July 25, 2023 (PDF)	/portal/file/waymo_07252023-pdf/
Waymo July 22, 2023 (PDF)	/portal/file/waymo_07222023-pdf/
Waymo July 21, 2023 (PDF)	/portal/file/waymo_07212023-pdf/
Nuro July 24, 2023 (PDF)	/portal/file/nuro_07242023-pdf/
Cruise July 21, 2023 (A) (PDF)	/portal/file/cruise_07212023-a-pdf/
Cruise July 21, 2023 (B) (PDF)	/portal/file/cruise_07212023-b-pdf/
Waymo July 11, 2023 (PDF)	/portal/file/waymo_071123-pdf/
Waymo July 8, 2023 (PDF)	/portal/file/waymo_070823-pdf/
Waymo July 3, 2023 (PDF)	/portal/file/waymo_070323-pdf/
Cruise July 2, 2023 (PDF)	/portal/file/cruise_070223-pdf/
Waymo June 29, 2023 (1) (PDF)	/portal/file/waymo_062923-1-pdf/
Waymo June 29, 2023 (2) (PDF)	/portal/file/waymo_06292023-2-pdf/
Waymo June 28. 2023 (PDF)	/portal/file/waymo_062823-pdf/
Cruise June 29, 2023 (PDF)	/portal/file/cruise_062923-pdf/
Cruise June 24, 2023 (PDF)	/portal/file/cruise_06242023-pdf/
Cruise June 17, 2023 (2) (PDF)	/portal/file/cruise_061723-2-pdf/
Zoox June 18, 2023 (PDF)	/portal/file/zoox_06182023-pdf/
Waymo June 18, 2023 (PDF)	/portal/file/waymo_06182023-pdf/
Cruise, June 17, 2023 (1) (PDF)	/portal/file/cruise_061723-pdf/
Cruise June 15, 2023 (PDF)	/portal/file/cruise_061523-pdf/
Waymo June 11, 2023 (PDF)	/portal/file/waymo_061123-pdf/
Cruise June 9, 2023 (PDF)	/portal/file/cruise_060923-pdf/
Cruise June 8, 2023 (PDF)	/portal/file/cruise_060823-pdf/
Waymo June 9, 2023 (PDF)	/portal/file/waymo_060923-pdf/
Waymo June 5, 2023 (PDF)	/portal/file/waymo_060523-pdf/
Mercedes Benz June 1, 2023 (PDF)	/portal/file/mercedes-benz_060123-pdf/
Mercedes Benz May 30, 2023 (PDF)	/portal/file/mercedes-benz_053023-pdf/
WeRide June 8, 2023 (PDF)	/portal/file/weride_060823-pdf/
Pony.ai June 5, 2023 (PDF)	/portal/file/pony-ai_060523-pdf/
Waymo May 21, 2023 (PDF)	/portal/file/waymo_052123-pdf/
Cruise May 21, 2023 (PDF)	/portal/file/cruise_052123-pdf/
Cruise May 18, 2023 (PDF)	/portal/file/cruise_051823-pdf/
Zoox May 20, 2023 (PDF)	/portal/file/zoox_052023-pdf/
Zoox May 17, 2023 (PDF)	/portal/file/zoox_051723-pdf/
Apple May 11, 2023 (PDF)	/portal/file/apple_051123-pdf/
Waymo May 7, 2023 (PDF)	/portal/file/waymo_050723-pdf/
Waymo May 6, 2023 (PDF)	/portal/file/waymo_050623-pdf/
Cruise May 7, 2023 (PDF)	/portal/file/cruise_050723-pdf/
Cruise May 3, 2023 (PDF)	/portal/file/cruise_050323-pdf/
Waymo May 3, 2023 (PDF)	/portal/file/waymo_050323-pdf/
Cruise May 4, 2023 (PDF)	/portal/file/cruise_050423-pdf/
Cruise May 1, 2023 (PDF)	/portal/file/cruise_050123-pdf/
Waymo April 30, 2023 (PDF)	/portal/file/waymo_043023-pdf/
Waymo April 28, 2023 (PDF)	/portal/file/waymo_042823-pdf/
Mercedes Benz April 26, 2023 (PDF)	/portal/file/mercedesbenz_042623-pdf/
WeRide Corp May 1, 2023 (PDF)	/portal/file/weride_050123-pdf/
Cruise April 21, 2023 (PDF)	/portal/file/cruise_042123-pdf/
Cruise April 22, 2023 (PDF)	/portal/file/cruise_042223-pdf/
Waymo April 12, 2023 (PDF)	/portal/file/waymo_041223-pdf/
Zoox April 11, 2023 (2) (PDF)	/portal/file/zoox_041123_2-pdf/
Cruise April 12, 2023 (PDF)	/portal/file/cruise_041223-pdf/
Cruise April 9, 2023 (PDF)	/portal/file/cruise_040923-pdf/
Zoox April 11, 2023 (1) (PDF)	/portal/file/zoox_041123-pdf/
Waymo April 6, 2023 (PDF)	/portal/file/waymo_040623-pdf/
Waymo April 5, 2023 (PDF)	/portal/file/waymo_040523-pdf/
Waymo April 3, 2023 (PDF)	/portal/file/waymo_040323-pdf/
Cruise March 22, 2023 (1) (PDF)	/portal/file/cruise_032223_1-pdf/
Cruise March 22, 2023 (2) (PDF)	/portal/file/cruise_032223_2-pdf/
Cruise March 22, 2023 (3) (PDF)	/portal/file/cruise_032223_3-pdf/
Cruise March 21, 2023 (2) (PDF)	/portal/file/cruise_032221_2-pdf/
Cruise March 23, 2023 (PDF)	/portal/file/cruise_032323-pdf/
Cruise March 21, 2023 (1) (PDF)	/portal/file/cruise_032123-pdf/
Waymo March 20, 2023 (1) (PDF)	/portal/file/waymo_032023_1-pdf/
Waymo March 20, 2023 (2) (PDF)	/portal/file/waymo_032023_2-pdf/
Waymo March 16, 2023 (1) (PDF)	/portal/file/waymo_031623_1-pdf/
Waymo March 16, 2023 (2) (PDF)	/portal/file/waymo_031623_2-pdf/
Zoox March 16, 2023 (PDF)	/portal/file/zoox_031623-pdf/
Waymo March 12, 2023 (PDF)	/portal/file/waymo_031223-pdf/
Cruise March 18, 2023 (PDF)	/portal/file/cruise_031823-pdf/
Cruise March 6, 2023 (PDF)	/portal/file/cruise_030623-pdf/
Waymo March 1, 2023 (PDF)	/portal/file/waymo_030123-pdf/
WeRide Corp March 9, 2023 (PDF)	/portal/file/weride_030923-pdf/
Cruise March 3, 2023 (PDF)	/portal/file/cruise_030323-pdf/
Waymo February 25, 2023 (1) (PDF)	/portal/file/waymo_022523_1-pdf/
Waymo February 25, 2023 (2) (PDF)	/portal/file/waymo_022523_2-pdf/
Waymo February 24, 2023 (PDF)	/portal/file/waymo_022423-pdf/
Apple February 21, 2023 (PDF)	/portal/file/apple_022123-pdf/
Zoox February 23, 2023 (PDF)	/portal/file/zoox_022323-pdf/
Waymo February 15, 2023 (PDF)	/portal/file/waymo_021523-pdf/
Mercedes Benz February 9, 2023 (PDF)	/portal/file/mercedes-benz_020923-pdf/
Zoox February 11, 2023 (PDF)	/portal/file/zoox_021123-pdf/
Zoox February 8, 2023 (PDF)	/portal/file/zoox_020823-pdf/
Zoox February 7, 2023 (PDF)	/portal/file/zoox_020723-pdf/
Mercedes Benz February 2, 2023 (PDF)	/portal/file/mercedes-benz_020223-pdf/
Zoox January 30, 2023 (PDF)	/portal/file/zoox_013023-pdf/
Cruise January 25, 2023 (PDF)	/portal/file/cruise_012523-pdf/
Waymo January 22, 2023 (PDF)	/portal/file/waymo_012223-pdf/
Zoox January 1, 2023 (PDF)	/portal/file/zoox_010123-pdf/
Cruise December 28, 2022 (PDF)	/portal/file/cruise_122822-pdf/
Waymo December 29. 2022 (PDF)	/portal/file/waymo_122922-pdf/
Cruise December 21, 2022 (PDF)	/portal/file/cruise_122122-pdf/
Cruise December 18, 2022 (PDF)	/portal/file/cruise_121822-pdf/
Cruise December 14, 2022 (PDF)	/portal/file/cruise_121422-pdf/
Apple December 20, 2022 (PDF)	/portal/file/apple_122022-pdf/
Waymo December 17, 2022 (PDF)	/portal/file/waymo_121722-pdf/
Waymo December 13, 2022 (1) (PDF)	/portal/file/waymo_121322_1-pdf/
Waymo December 13, 2022 (2) (PDF)	/portal/file/waymo_121322_2-pdf/
Waymo December 12, 2022 (PDF)	/portal/file/waymo_121222-pdf/
Waymo December 1, 2022 (PDF)	/portal/file/waymo_120122-pdf/
Zoox November 28, 2022 (PDF)	/portal/file/zoox_112822-pdf/
Zoox November 20, 2022 (PDF)	/portal/file/zoox_112022-pdf/
Mercedes Benz November 19, 2022 (PDF)	/portal/file/mercedes-benz_111922-pdf/
Mercedes Benz November 17, 2022 (PDF)	/portal/file/mercedes-benz_111722-pdf/
Cruise November 16, 2022 (PDF)	/portal/file/cruise_111622-pdf/
Zoox November 14, 2022 (PDF)	/portal/file/zoox_111422-pdf/
Waymo November 8, 2022 (PDF)	/portal/file/waymo_110822-pdf/
Waymo November 3, 2022 (PDF)	/portal/file/waymo_110322-pdf/
Zoox November 4, 2022 (PDF)	/portal/file/zoox_110422-pdf/
Waymo October 21, 2022 (PDF)	/portal/file/waymo_102122-pdf/
Apple October 20, 2022 (PDF)	/portal/file/apple_102022-pdf/
Apple October 10, 2022 (PDF)	/portal/file/apple_101022-pdf/
Zoox October 14, 2022 (PDF)	/portal/file/zoox_101422-pdf/
Zoox October 3, 2022 (PDF)	/portal/file/zoox_100322-pdf/
Ghost Autonomy Inc October 7, 2022 (PDF)	/portal/file/ghost_100722-pdf/
Argo AI September 22, 2022 (PDF)	/portal/file/argo_092222-pdf/
Waymo September 17, 2022 (PDF)	/portal/file/waymo_091722-pdf/
Waymo September 15, 2022 (PDF)	/portal/file/waymo_091522-pdf/
Zoox September 14, 2022 (PDF)	/portal/file/zoox_091422-pdf/
Waymo September 10, 2022 (PDF)	/portal/file/waymo_091022-pdf/
Cruise September 5, 2022 (PDF)	/portal/file/cruise_090522-pdf/
Cruise September 4, 2022 (PDF)	/portal/file/cruise_090422-pdf/
Zoox September 1, 2022 (PDF)	/portal/file/zoox_090122-pdf/
Cruise September 1, 2022 (PDF)	/portal/file/cruise_090122-pdf/
Zoox August 30, 2022 (PDF)	/portal/file/zoox_083022-pdf/
Zoox August 23, 2022 (PDF)	/portal/file/zoox_082322-pdf/
Waymo August 25, 2022 (PDF)	/portal/file/waymo_082522-pdf/
Cruise August 16, 2022 (PDF)	/portal/file/cruise_081622-pdf/
Waymo August 16, 2022 (1) (PDF)	/portal/file/waymo_081622_1-pdf/
Waymo August 16, 2022 (2) (PDF)	/portal/file/waymo_081622_2-pdf/
Waymo August 14, 2022 (PDF)	/portal/file/waymo_081422-pdf/
Waymo August 13, 2022 (PDF)	/portal/file/waymo_081322-pdf/
Waymo August 10, 2022 (PDF)	/portal/file/waymo_081022-pdf/
Woven Planet August 8, 2022 (PDF)	/portal/file/woven_planet_080822-pdf/
Cruise August 2, 2022 (PDF)	/portal/file/cruise_080222-pdf/
Waymo July 24, 2022 (PDF)	/portal/file/waymo_072422-pdf/
Zoox July 22, 2022 (PDF)	/portal/file/zoox_072222-pdf/
Cruise July 18, 2022 (PDF)	/portal/file/cruise_071822-pdf/
Cruise July 16, 2022 (PDF)	/portal/file/cruise_071622-pdf/
Cruise July 14, 2022 (PDF)	/portal/file/cruise_071422-pdf/
Zoox July 8, 2022 (PDF)	/portal/file/zoox_070822-pdf/
Waymo July 5, 2022 (PDF)	/portal/file/waymo_070522-pdf/
Waymo July 3, 2022 (PDF)	/portal/file/waymo_070322-pdf/
Waymo July 2, 2022 (1) (PDF)	/portal/file/waymo_070222_1-pdf/
Waymo July 2, 2022 (2) (PDF)	/portal/file/waymo_070222_2-pdf/
Waymo July 1, 2022 (PDF)	/portal/file/waymo_070122-pdf/
Cruise June 29, 2022 (PDF)	/portal/file/cruise_062922-pdf/
Zoox June 28, 2022 (PDF)	/portal/file/zoox_062822-pdf/
Waymo June 21, 2022 (PDF)	/portal/file/waymo_062122-pdf/
Apple June 14, 2022 (PDF)	/portal/file/apple_061422-pdf/
Cruise June 17, 2022 (PDF)	/portal/file/cruise_061722-pdf/
Zoox June 11, 2022 (PDF)	/portal/file/zoox_061122-pdf/
Zoox June 8, 2022 (PDF)	/portal/file/zoox_060822-pdf/
Waymo June 5, 2022 (PDF)	/portal/file/waymo_060522-pdf/
Cruise June 3, 2022 (PDF)	/portal/file/cruise_060322-pdf/
Cruise June 2, 2022 (PDF)	/portal/file/cruise_060222-pdf/
Waymo June 1, 2022 (PDF)	/portal/file/waymo_060122-pdf/
Zoox June 1, 2022 (1) (PDF)	/portal/file/zoox_060122-1-pdf/
Zoox June 1, 2022 (2) (PDF)	/portal/file/zoox_060122-2-pdf/
Waymo May 27, 2022 (PDF)	/portal/file/waymo_052722-pdf/
Cruise May 25, 2022 (PDF)	/portal/file/cruise_052522-pdf/
Zoox May 31, 2022 (PDF)	/portal/file/zoox_053122-pdf/
Waymo May 21, 2022 (PDF)	/portal/file/waymo_052122-pdf/
Zoox May 20, 2022 (PDF)	/portal/file/zoox_052022-pdf/
Mercedes Benz May 19, 2022 (PDF)	/portal/file/mercedes-benz_051922-pdf/
Waymo May 17, 2022 (PDF)	/portal/file/waymo_051722-pdf/
Pony.ai May 17, 2022 (PDF)	/portal/file/pony-ai_051722-pdf/
Motional May 17, 2022 (PDF)	/portal/file/motional_051722-pdf/
Cruise May 13, 2022 (PDF)	/portal/file/cruise_051322-pdf/
Waymo May 11, 2022 (PDF)	/portal/file/waymo_051122-pdf/
Waymo May 4, 2022 (PDF)	/portal/file/waymo_050422-pdf/
Waymo April 30, 2022 (PDF)	/portal/file/waymo_043022-pdf/
Zoox April 28, 2022 (PDF)	/portal/file/zoox_042822-pdf/
Cruise April 25, 2022 (PDF)	/portal/file/cruise_ol316_042522-pdf/
Cruise April 24, 2022 (PDF)	/portal/file/cruise_ol316_042422-pdf/
Waymo April 29, 2022 (PDF)	/portal/file/waymo_ol316_042922-pdf/
Waymo April 26, 2022 (PDF)	/portal/file/waymo_ol316_042622-pdf/
Waymo April 24, 2022 (PDF)	/portal/file/waymo_ol316_042422-pdf/
Zoox April 22, 2022 (PDF)	/portal/file/zoo_042222-pdf/
Cruise April 17, 2022 (PDF)	/portal/file/cruise_041722-pdf/
Cruise April 16, 2022 (PDF)	/portal/file/cruise_041622-pdf/
Waymo April 13, 2022 (PDF)	/portal/file/waymo_041322-pdf/
Pony.ai April 11, 2022 (PDF)	/portal/file/pony-ai_041122-pdf/
Cruise April 9, 2022 (PDF)	/portal/file/cruise_040922-pdf/
Waymo April 11, 2022 (PDF)	/portal/file/waymo_041122-pdf/
Waymo April 8, 2022 (PDF)	/portal/file/waymo_040822-pdf/
Zoox April 6, 2022 (PDF)	/portal/file/zoox_040622-pdf/
Waymo April 5, 2022 (PDF)	/portal/file/waymo_040522-pdf/
Cruise March 26, 2022 (PDF)	/portal/file/cruise_032622-pdf/
Cruise March 24, 2022 (PDF)	/portal/file/cruise032422-pdf/
Cruise March 15, 2022 (PDF)	/portal/file/cruise_031522-pdf/
Apple March 15, 2022 (PDF)	/portal/file/apple_031522-pdf/
Waymo March 11, 2022 (PDF)	/portal/file/waymo_031122-pdf/
Waymo March 9, 2022 (PDF)	/portal/file/waymo_030922-pdf/
Waymo March 7, 2022 (PDF)	/portal/file/waymo_030722-pdf/
Waymo March 6, 2022 (PDF)	/portal/file/waymo_030622-pdf/
Waymo February 28, 2022 (1) (PDF)	/portal/file/waymo_022822_1-pdf/
Waymo February 28, 2022 (2) (PDF)	/portal/file/waymo_022822_2-pdf/
Cruise February 19, 2022 (PDF)	/portal/file/cruise_021922-pdf/
Waymo February 19, 2022 (PDF)	/portal/file/waymo_021922-pdf/
Apple February 22, 2022 (PDF)	/portal/file/apple_022222-pdf/
Apple February 17, 2022 (PDF)	/portal/file/apple_021722-pdf/
Waymo February 14, 2022 (PDF)	/portal/file/waymo_021422-pdf/
Cruise February 11, 2022 (PDF)	/portal/file/cruise_021122-pdf/
Waymo February 11, 2022 (1) (PDF)	/portal/file/waymo_021122_1-pdf/
Waymo February 11, 2022 (2) (PDF)	/portal/file/waymo_021122_2-pdf/
Waymo February 10, 2022 (PDF)	/portal/file/waymo_021022-pdf/
Waymo February 9, 2022 (1) (PDF)	/portal/file/waymo_020922_1-pdf/
Waymo February 9, 2022 (2) (PDF)	/portal/file/waymo_020922_2-pdf/
Waymo February 8 2022 (PDF)	/portal/file/waymo_020822-pdf/
Waymo February 6, 2022 (PDF)	/portal/file/waymo_020622-pdf/
Zoox February 6, 2022 (PDF)	/portal/file/zoox_020622-pdf/
Zoox February 5, 2022 (PDF)	/portal/file/zoox_020522-pdf/
Waymo February 4, 2022 (PDF)	/portal/file/waymo_020422-pdf/
Waymo February 1, 2022 (PDF)	/portal/file/waymo_020122-pdf/
Cruise January 29, 2022 (PDF)	/portal/file/cruise_012922-pdf/
Waymo January 28, 2022 (1) (PDF)	/portal/file/waymo_012822_1-pdf/
Waymo January 28, 2022 (2) (PDF)	/portal/file/waymo_012822_2-pdf/
Cruise January 26, 2022 (PDF)	/portal/file/cruise_012622-pdf/
Waymo January 22, 2022 (PDF)	/portal/file/waymo_012222-pdf/
Waymo January 20, 2022 (1) (PDF)	/portal/file/waymo_012022-pdf/
Zoox January 16, 2022 (PDF)	/portal/file/zoox_011622-pdf/
Waymo January 18, 2022 (PDF)	/portal/file/waymo_011822-pdf/
Zoox January 11, 2022 (PDF)	/portal/file/zoox_011122-pdf/
Waymo January 6, 2022 (PDF)	/portal/file/waymo_010622-pdf/
Zoox January 4, 2022 (PDF)	/portal/file/zoox_010422-pdf/
Waymo January 3, 2022 (PDF)	/portal/file/waymo_010322-pdf/
Waymo January 1, 2022 (PDF)	/portal/file/waymo_010122-pdf/
Cruise December 26, 2021 (PDF)	/portal/file/cruise_122621-pdf/
Waymo December 22, 2021 (PDF)	/portal/file/waymo_122221-pdf/
Waymo December 19, 2021 (PDF)	/portal/file/waymo_121921-pdf/
Cruise November 15, 2021 (PDF)	/portal/file/cruise_111521-pdf/
Waymo December 11, 2021 (PDF)	/portal/file/waymo_12112021-pdf/
Cruise December 11, 2021 (PDF)	/portal/file/cruise_12112021-pdf/
Apple December 6, 2021 (PDF)	/portal/file/apple_120621-pdf/
Zoox December 8, 2021 (PDF)	/portal/file/zoox_12082021-pdf/
Waymo December 7, 2021 (PDF)	/portal/file/waymo_120721-pdf/
Waymo December 4, 2021 (PDF)	/portal/file/waymo_120421-pdf/
Waymo December 3, 2021 (PDF)	/portal/file/waymo_120321-pdf/
Cruise December 1, 2021 (1) (PDF)	/portal/file/cruise_12012021-pdf/
Cruise December 1, 2021 (2) (PDF)	/portal/file/cruise_12012021_02-pdf/
Waymo November 30, 2021 (PDF)	/portal/file/waymo_113021-pdf/
Waymo November 28, 2021 (PDF)	/portal/file/waymo_112821-pdf/
Waymo November 26, 2021 (PDF)	/portal/file/waymo_112621-pdf/
Waymo November 25, 2021 (PDF)	/portal/file/waymo_112521-pdf/
Cruise November 21, 2021 (PDF)	/portal/file/cruise_112121-pdf/
Waymo November 20, 2021 (PDF)	/portal/file/waymo_112021-pdf/
Waymo November 15, 2021 (PDF)	/portal/file/waymo_111521-pdf/
Cruise November 14, 2021 (PDF)	/portal/file/cruise_111421-pdf/
Cruise November 13, 2021 (PDF)	/portal/file/cruise_111321-pdf/
Waymo November 12, 2021 (PDF)	/portal/file/waymo_111221-pdf/
Apple November 11, 2021 (PDF)	/portal/file/apple_111121-pdf/
Waymo November 6, 2021 (1) (PDF)	/portal/file/waymo_110621_1-pdf/
Waymo November 6, 2021 (2) (PDF)	/portal/file/waymo_110621_2-pdf/
Waymo November 4, 2021 (PDF)	/portal/file/waymo_110421-pdf/
Zoox November 3, 2021 (PDF)	/portal/file/zoox_110321-pdf/
WeRide Corp November 3, 2021 (PDF)	/portal/file/weride_110321-pdf/
Pony.ai October 28, 2021 (PDF)	/portal/file/pony-ai_102821-pdf/
Waymo October 28, 2021 (PDF)	/portal/file/waymo_102821-pdf/
Waymo October 27, 2021 (PDF)	/portal/file/waymo_102721-pdf/
Argo AI October 19, 2021 (PDF)	/portal/file/argo_101921-pdf/
Zoox October 21, 2021 (PDF)	/portal/file/zoox_102121-pdf/
Waymo October 21, 2021 (PDF)	/portal/file/waymo_102121-pdf/
Waymo October 19, 2021 (PDF)	/portal/file/waymo_101921-pdf/
Waymo October 18, 2021 (PDF)	/portal/file/waymo_101821-pdf/
Apple September 27, 2021 (PDF)	/portal/file/apple_09272021-pdf/
Cruise September 25, 2021 (PDF)	/portal/file/cruise_092521-pdf/
Waymo September 22, 2021 (PDF)	/portal/file/waymo_092221-pdf/
Zoox September 21, 2021 (PDF)	/portal/file/zoox_092121-pdf/
Waymo September 17, 2021 (1) (PDF)	/portal/file/waymo_091721_1-pdf/
Waymo September 17, 2021 (2) (PDF)	/portal/file/waymo_091721_2-pdf/
Waymo September 16, 2021 (PDF)	/portal/file/waymo_091621-pdf/
Waymo August 13, 2021 (PDF)	/portal/file/waymo_081321-pdf/
Zoox September 2, 2021 (PDF)	/portal/file/zoox_090221-pdf/
Waymo September 2, 2021 (PDF)	/portal/file/waymo_090221-pdf/
Waymo August 31, 2021 (2) (PDF)	/portal/file/waymo_083121_2-pdf/
Waymo August 21, 2021 (PDF)	/portal/file/waymo_082121-pdf/
Waymo August 14, 2021 (PDF)	/portal/file/waymo_081421-pdf/
Cruise August 2, 2021 (PDF)	/portal/file/cruise_080221-pdf/
Waymo August 1, 2021 (PDF)	/portal/file/waymo_080121-pdf/
Cruise July 26, 2021 (PDF)	/portal/file/cruise_072621_redacted-pdf/
Zoox July 13, 2021 (PDF)	/portal/file/zoox_071321-pdf/
Argo AI July 8, 2021 (PDF)	/portal/file/argo_070821-pdf/
Waymo June 26, 2021 (PDF)	/portal/file/waymo_062621-pdf/
Waymo June 25, 2021 (PDF)	/portal/file/waymo_062521-pdf/
Waymo June 16, 2021 (PDF)	/portal/file/waymo_061621-pdf/
Waymo June 11, 2021 (PDF)	/portal/file/waymo_061121-pdf/
Waymo May 23, 2021 (PDF)	/portal/file/waymo_ol316_052321_redacted-pdf/
Cruise May 17, 2021 (PDF)	/portal/file/cruise_051721-pdf/
Cruise May 11, 2021 (PDF)	/portal/file/cruise_05112021-pdf/
Zoox May 11, 2021 (PDF)	/portal/file/zoox_05112021-pdf/
Cruise April 21, 2021 (PDF)	/portal/file/cruise_042121-pdf/
Waymo April 18, 2021 (PDF)	/portal/file/waymo_041821-pdf/
Waymo April 17, 2021 (PDF)	/portal/file/waymo_041721-pdf/
Lyft April 14, 2021 (PDF)	/portal/file/lyft_041421-pdf/
Waymo April 4, 2021 (PDF)	/portal/file/waymo_040421-pdf/
Waymo March 31, 2021 (PDF)	/portal/file/waymo_033121-pdf/
Waymo March 30, 2021 (PDF)	/portal/file/waymo_033021-pdf/
Cruise March 30, 2021 (PDF)	/portal/file/cruise_033021-pdf/
Cruise March 29, 2021 (PDF)	/portal/file/cruise_032921-pdf/
Cruise March 27, 2021 (PDF)	/portal/file/cruise_032721-pdf/
Waymo March 24, 2021 (PDF)	/portal/file/waymo_032421-pdf/
Cruise March 12, 2021 (PDF)	/portal/file/cruise_031221-pdf/
Cruise March 9, 2021 (PDF)	/portal/file/cruise_030921-pdf/
Waymo March 5, 2021 (PDF)	/portal/file/waymo_316_030521_redacted-pdf/
Waymo January 22, 2021 (PDF)	/portal/file/waymo_012221-pdf/
Waymo January 13, 2021 (PDF)	/portal/file/waymo_011321-pdf/
Waymo December 29, 2020 (PDF)	/portal/file/waymo_122920-pdf/
Waymo December 18, 2020 (PDF)	/portal/file/waymo_121820-pdf/
Lyft December 2, 2020 (PDF)	/portal/file/lyft_120220-pdf/
Cruise August 9, 2020 (PDF)	/portal/file/cruise_080920-pdf/
Cruise August 4, 2020 (PDF)	/portal/file/cruise_080420-pdf/
Zoox August 6, 2020 (PDF)	/portal/file/zoox_080620-pdf/
Waymo July 9, 2020 (PDF)	/portal/file/waymo_070920-pdf/
Waymo June 15, 2020 (PDF)	/portal/file/waymo-collision-report-june-15-2020-pdf/
Cruise June 1, 2020 (PDF)	/portal/file/cruise-collision-report-june-1-2020-pdf/
Pony.ai May 30, 2020 (PDF)	/portal/file/pony-ai-collision-report-may-30-2020-pdf/
Waymo March 10, 2020 (PDF)	/portal/file/waymo-collision-report-march-10-2020-pdf/
Waymo February 26, 2020 (PDF)	/portal/file/waymo-collision-report-february-26-2020-pdf/
Zoox February 26, 2020 (1) (PDF)	/portal/file/zoox-collision-report-february-26-2020-1-pdf/
Zoox February 26, 2020 (2) (PDF)	/portal/file/zoox-collision-report-february-26-2020-2-pdf/
Zoox February 21, 2020 (PDF)	/portal/file/zoox-collision-report-february-21-2020-pdf/
Waymo February 14, 2020 (PDF)	/portal/file/waymo-collision-report-february-14-2020-pdf/
Waymo February 12, 2020 (PDF)	/portal/file/waymo-collision-report-february-12-2020-pdf/
Cruise February 9, 2020 (PDF)	/portal/file/cruise-collision-report-february-9-2020-pdf/
Cruise February 5, 2020 (PDF)	/portal/file/cruise-collision-report-february-5-2020-pdf/
Cruise January 31, 2020  (PDF)	/portal/file/cruise-collision-report-january-31-2020-pdf/
Cruise January 29, 2020 (PDF)	/portal/file/cruise-collision-report-january-29-2020-pdf/
Waymo January 28, 2020 (PDF)	/portal/file/waymo-collision-report-january-28-2020-pdf/
Cruise January 25, 2020 (PDF)	/portal/file/cruise-collision-report-january-25-2020-pdf/
Zoox January 21, 2020 (PDF)	/portal/file/collision-report-zoox-january-21-2020-pdf/
Zoox January 21, 2020 (2) (PDF)	/portal/file/collision-report-zoox-january-21-2020-2-pdf/
Aurora Innovation January 14, 2020 (PDF)	/portal/file/aurora-innovation-collision-report-january-14-2020-pdf/
Zoox January 14, 2020 (PDF)	/portal/file/collision-report-zoox-january-14-2020-pdf/
Zoox January 13, 2020 (PDF)	/portal/file/collision-report-zoox-january-13-2020-pdf/
Cruise January 12, 2020 (PDF)	/portal/file/cruise-collision-report-january-12-2020-pdf/
Zoox January 8, 2020 (PDF)	/portal/file/collision-report-zoox-january-8-2020-pdf/
Waymo January 7, 2020 (PDF)	/portal/file/waymo-collision-report-january-7-2020-pdf/
Cruise January 2, 2020 (PDF)	/portal/file/cruise-collision-report-january-2-2020-pdf/
Cruise December 27, 2019 (PDF)	/portal/file/cruise-collision-report-december-27-2019-pdf/
Zoox December 20, 2019 (PDF)	/portal/file/collision-report-zoox-december-20-2019-pdf/
Waymo December 20, 2019 (PDF)	/portal/file/waymo-collision-report-december-20-2019-pdf/
Zoox December 19, 2019 (PDF)	/portal/file/collision-report-zoox-december-19-2019-pdf/
Cruise December 19, 2019 (PDF)	/portal/file/cruise-collision-report-december-19-2019-pdf/
Cruise December 13, 2019 (PDF)	/portal/file/cruise-collision-report-december-13-2019-pdf/
Cruise December 8, 2019 (PDF)	/portal/file/cruise-collision-report-december-8-2019-pdf/
Cruise November 29, 2019 (PDF)	/portal/file/cruise-collision-report-november-29-2019-pdf/
Cruise November 25, 2019 (PDF)	/portal/file/cruise-collision-report-november-25-2019-pdf/
Zoox November 22, 2019 (PDF)	/portal/file/collision-report-zoox-november-22-2019-pdf/
Lyft November 19, 2019 (PDF)	/portal/file/lyft-collision-report-november-19-2019-pdf/
Cruise November 18, 2019 (PDF)	/portal/file/cruise-collision-report-november-18-2019-pdf/
Cruise November 10, 2019 (PDF)	/portal/file/cruise-collision-report-november-10-2019-pdf/
Cruise November 9, 2019 (PDF)	/portal/file/cruise-collision-report-november-9-2019-pdf/
Cruise November 7, 2019 (1) (PDF)	/portal/file/cruise-collision-report-november-7-2019-1-pdf/
Cruise November 7, 2019 (2) (PDF)	/portal/file/cruise-collision-report-november-7-2019-2-pdf/
Waymo November 4, 2019 (PDF)	/portal/file/waymo-collision-report-november-4-2019-pdf/
Cruise October 29, 2019 (PDF)	/portal/file/cruise-collision-report-october-29-2019-pdf/
Cruise October 28, 2019 (PDF)	/portal/file/cruise-collision-report-october-28-2019-pdf/
Waymo October 28, 2019 (1) (PDF)	/portal/file/waymo-collision-report-october-28-2019-1-pdf/
Waymo October 28, 2019 (2) (PDF)	/portal/file/waymo-collision-report-october-28-2019-2-pdf/
Cruise October 27, 2019 (PDF)	/portal/file/cruise-collision-report-october-27-2019-pdf/
Cruise October 26, 2019 (PDF)	/portal/file/cruise-collision-report-october-26-2019-pdf/
Waymo October 19, 2019 (PDF)	/portal/file/waymo-collision-report-october-19-2019-pdf/
Waymo October 18, 2019 (PDF)	/portal/file/waymo-collision-report-october-18-2019-pdf/
Cruise October 17, 2019 (PDF)	/portal/file/cruise-collision-report-october-17-2019-pdf/
Waymo October 16, 2019 (PDF)	/portal/file/waymo-collision-report-october-16-2019-pdf/
Waymo October 14, 2019 (PDF)	/portal/file/waymo-collision-report-october-14-2019-pdf/
Zoox October 12, 2019 (PDF)	/portal/file/collision-report-zoox-october-12-2019-pdf/
Cruise October 12, 2019 (PDF)	/portal/file/gm-cruise-collision-report-october-12-2019-pdf/
Zoox October 11, 2019 (PDF)	/portal/file/collision-report-zoox-october-11-2019-pdf/
Waymo October 10, 2019 (PDF)	/portal/file/waymo-collision-report-october-10-2019-pdf/
GM Cruise October 3, 2019 (PDF)	/portal/file/gm-cruise-collision-report-october-3-2019-pdf/
GM Cruise September 27, 2019 (PDF)	/portal/file/gm-cruise-collision-report-september-27-2019-pdf/
Apple September 19, 2019 (PDF)	/portal/file/apple-collision-report-september-19-2019-pdf/
Aimotive September 16, 2019 (PDF)	/portal/file/aimotive-collision-report-september-16-2019-pdf/
Waymo September 14, 2019 (PDF)	/portal/file/waymo-collision-report-september-14-2019-pdf/
GM Cruise September 9, 2019 (PDF)	/portal/file/gm-cruise-collision-report-september-9-2019-pdf/
GM Cruise September 5, 2019 (PDF)	/portal/file/gm-cruise-collision-report-september-5-2019-pdf/
GM Cruise August 26, 2019 (PDF)	/portal/file/gm-cruise-collision-report-august-26-2019-pdf/
GM Cruise August 22, 2019 (PDF)	/portal/file/gm-cruise-collision-report-august-22-2019-pdf/
Waymo August 13, 2019 (PDF)	/portal/file/waymo-collision-report-august-13-2019-pdf/
Waymo August 12, 2019 (PDF)	/portal/file/waymo-collision-report-august-12-2019-pdf/
GM Cruise August 10, 2019 (PDF)	/portal/file/gm-cruise-collision-report-august-10-2019-pdf/
Waymo August 9, 2019 (1) (PDF)	/portal/file/waymo-collision-report-august-9-2019-1-pdf/
Waymo August 9, 2019 (2) (PDF)	/portal/file/waymo-collision-report-august-9-2019-2-pdf/
GM Cruise August 7, 2019 (PDF)	/portal/file/gm-cruise-collision-report-august-7-2019-pdf/
GM Cruise August 4, 2019 (PDF)	/portal/file/gm-cruise-collision-report-august-4-2019-pdf/
Zoox July 23, 2019 (PDF)	/portal/file/collision-report-zoox-july-23-2019-pdf/
GM Cruise July 21, 2019 (1) (PDF)	/portal/file/gm-cruise-collision-report-july-21-2019-1-pdf/
GM Cruise July 21, 2019 (2) (PDF)	/portal/file/gm-cruise-collision-report-july-21-2019-2-pdf/
GM Cruise July 20, 2019 (PDF)	/portal/file/gm-cruise-collision-report-july-20-2019-pdf/
GM Cruise July 17, 2019 (PDF)	/portal/file/gm-cruise-collision-report-july-17-2019-pdf/
Waymo July 16, 2019 (PDF)	/portal/file/waymo-collision-report-july-16-2019-pdf/
GM Cruise July 15, 2019 (PDF)	/portal/file/gm-cruise-collision-report-july-15-2019-pdf/
Pony.aI July 12, 2019 (PDF)	/portal/file/pony-ai-collision-report-july-12-2019-pdf/
GM Cruise July 10, 2019 (PDF)	/portal/file/gm-cruise-collision-report-july-10-2019-pdf/
Waymo July 8, 2019 (PDF)	/portal/file/waymo-collision-report-july-8-2019-pdf/
GM Cruise July 2, 2019 (PDF)	/portal/file/gm-cruise-collision-report-july-2-2019-pdf/
GM Cruise July 1, 2019 (PDF)	/portal/file/gm-cruise-collision-report-july-2019-pdf/
GM Cruise June 29, 2019 (PDF)	/portal/file/gm-cruise-collision-report-june-29-2019-pdf/
GM Cruise June 27, 2019 (PDF)	/portal/file/gm-cruise-collision-report-june-27-2019-pdf/
Pony.ai June 26, 2019 (PDF)	/portal/file/pony-ai-collision-report-june-26-2019-pdf/
GM Cruise June 26, 2019 (PDF)	/portal/file/gm-cruise-collision-report-june-26-2019-pdf/
GM Cruise June 23, 2019 (PDF)	/portal/file/gm-cruise-collision-report-june-23-2019-pdf/
GM Cruise June 20, 2019 (PDF)	/portal/file/gm-cruise-collision-report-june-20-2019-pdf/
Zoox Inc June 19, 2019 (PDF)	/portal/file/collision-report-zoox-june-19-2019-pdf/
Waymo June 16, 2019 (PDF)	/portal/file/waymo-collision-report-june-16-2019-pdf/
GM Cruise June 13, 2019 (PDF)	/portal/file/gm-cruise-collision-report-june-13-2019-pdf/
GM Cruise June 12, 2019 (PDF)	/portal/file/gm-cruise-collision-report-june-12-2019-pdf/
Zoox Inc June 11, 2019 (PDF)	/portal/file/collision-report-zoox-june-11-2019-pdf/
GM Cruise June 8, 2019 (PDF)	/portal/file/gm-cruise-collision-report-june-8-2019-pdf/
Waymo May 29, 2019 (PDF)	/portal/file/waymo-collision-report-may-29-2019-pdf/
GM Cruise May 24, 2019 (PDF)	/portal/file/gm-cruise-collision-report-may-24-2019-pdf/
Waymo May 22, 2019 (PDF)	/portal/file/waymo-collision-report-may-22-2019-pdf/
GM Cruise May 18, 2019 (PDF)	/portal/file/gm-cruise-collision-report-may-18-2019-pdf/
Waymo May 15, 2019 (PDF)	/portal/file/waymo-collision-report-may-15-2019-pdf/
GM Cruise May 13, 2019 (PDF)	/portal/file/gm-cruise-collision-report-may-13-2019-pdf/
GM Cruise May 8, 2019 (PDF)	/portal/file/gm-cruise-collision-report-may-8-2019-pdf/
GM Cruise May 4, 2019 (1) (PDF)	/portal/file/gm-cruise-collision-report-may-4-2019-1-pdf/
GM Cruise May 4, 2019 (2) (PDF)	/portal/file/gm-cruise-collision-report-may-4-2019-2-pdf/
Lyft May 2, 2019 (PDF)	/portal/file/lyft-collision-report-may-2-2019-pdf/
GM Cruise May 2, 2019 (PDF)	/portal/file/gm-cruise-collision-report-may-2-2019-pdf/
GM Cruise April 14, 2019 (1) (PDF)	/portal/file/gm-cruise-collision-report-april-14-2019-1-pdf/
GM Cruise April 14, 2019 (2) (PDF)	/portal/file/gm-cruise-collision-report-april-14-2019-2-pdf/
Lyft April 11, 2019 (PDF)	/portal/file/lyft-collision-report-april-11-2019-pdf/
GM Cruise April 10, 2019 (1) (PDF)	/portal/file/gm-cruise-collision-report-april-10-2019-1-pdf/
GM Cruise April 10, 2019 (2) (PDF)	/portal/file/gm-cruise-collision-report-april-10-2019-2-pdf/
GM Cruise April 3, 2019 (PDF)	/portal/file/gm-cruise-collision-report-april-3-2019-pdf/
Waymo March 26, 2019 (PDF)	/portal/file/waymo-collision-report-march-26-2019-pdf/
GM Cruise March 24, 2019 (PDF)	/portal/file/gm-cruise-collision-report-march-24-2019-pdf/
GM Cruise March 23, 2019 (PDF)	/portal/file/gm-cruise-collision-report-march-23-2019-pdf/
Lyft March 12, 2019 (PDF)	/portal/file/lyft-collision-report-march-12-2019-pdf/
GM Cruise March 8, 2019 (PDF)	/portal/file/gm-cruise-collision-report-march-8-2019-pdf/
Lyft March 6, 2019 (PDF)	/portal/file/lyft-collision-report-march-6-2019-pdf/
Lyft February 28, 2019 (PDF)	/portal/file/lyft-collision-report-february-28-2019-pdf/
GM Cruise February 27, 2019 (PDF)	/portal/file/gm-cruise-collision-report-february-27-2019-pdf/
Waymo February 26, 2019 (PDF)	/portal/file/waymo-collision-report-february-26-2019-pdf/
GM Cruise February 14, 2019 (PDF)	/portal/file/gm-cruise-collision-report-february-14-2019-pdf/
Waymo February 10, 2019 (PDF)	/portal/file/waymo-collision-report-february-10-2019-pdf/
Waymo February 6, 2019 (PDF)	/portal/file/waymo-collision-report-february-6-2019-pdf/
Waymo January 26, 2019 (PDF)	/portal/file/waymo-collision-report-january-26-2019-pdf/
Aurora Innovation January 10, 2019 (PDF)	/portal/file/aurora-innovation-collision-report-january-10-2019-pdf/
GM Cruise January 10, 2019 (PDF)	/portal/file/gm-cruise-collision-report-january-10-2019-pdf/
GM Cruise January 7, 2019 (PDF)	/portal/file/gm-cruise-collision-report-january-7-2019-pdf/
Submit a collision report (PDF)	/portal/file/report-of-traffic-accident-involving-an-autonomous-vehicle-ol-316-pdf/
